{
    "ltx": 3.1525000000000000e+02,
    "lty": 1.3225000000000000e+02,
    "rbx": 4.5275000000000000e+02,
    "rby": 2.2775000000000000e+02,
    "mark_x": 3.9216417910447763e+02,
    "mark_y": 1.6371875000000000e+02
}
